{"file_name":"my_terrain","x_low":50.0,"x_high":250.0,"x_N":45,"z_low":50.0,"z_high":250.0,"z_N":7,"traversability":[[1.0,1.0,1.0,1.0,1.0,1.0,1.0],[1.0,0.0,0.0,0.0,0.0,0.0,1.0],[1.0,0.0,0.0,0.0,0.0,0.0,1.0],[1.0,0.0,0.0,0.0,0.0,0.0,1.0],[1.0,0.0,0.0,0.0,0.0,0.0,1.0],[1.0,0.0,0.0,0.0,0.0,0.0,1.0],[1.0,0.0,0.0,0.0,0.0,0.0,1.0],[1.0,0.0,0.0,0.0,0.0,0.0,1.0],[1.0,0.0,0.0,0.0,0.0,0.0,1.0],[1.0,0.0,0.0,0.0,0.0,0.0,1.0],[1.0,0.0,0.0,0.0,0.0,0.0,1.0],[1.0,0.0,0.0,0.0,0.0,0.0,1.0],[1.0,0.0,0.0,0.0,0.0,0.0,1.0],[1.0,0.0,0.0,0.0,0.0,0.0,1.0],[1.0,0.0,0.0,0.0,0.0,0.0,1.0],[1.0,0.0,0.0,0.0,0.0,0.0,1.0],[1.0,0.0,0.0,0.0,0.0,0.0,1.0],[1.0,0.0,0.0,0.0,0.0,0.0,1.0],[1.0,0.0,0.0,0.0,0.0,0.0,1.0],[1.0,0.0,0.0,0.0,0.0,0.0,1.0],[1.0,0.0,0.0,0.0,0.0,0.0,1.0],[1.0,0.0,0.0,0.0,0.0,0.0,1.0],[1.0,0.0,0.0,0.0,0.0,0.0,1.0],[1.0,0.0,0.0,0.0,0.0,0.0,1.0],[1.0,0.0,0.0,0.0,0.0,0.0,1.0],[1.0,0.0,0.0,0.0,0.0,0.0,1.0],[1.0,0.0,0.0,0.0,0.0,0.0,1.0],[1.0,0.0,0.0,0.0,0.0,0.0,1.0],[1.0,0.0,0.0,0.0,0.0,0.0,1.0],[1.0,0.0,0.0,0.0,0.0,0.0,1.0],[1.0,0.0,0.0,0.0,0.0,0.0,1.0],[1.0,0.0,0.0,0.0,0.0,0.0,1.0],[1.0,0.0,0.0,0.0,0.0,0.0,1.0],[1.0,0.0,0.0,0.0,0.0,0.0,1.0],[1.0,0.0,0.0,0.0,0.0,0.0,1.0],[1.0,0.0,0.0,0.0,0.0,0.0,1.0],[1.0,0.0,0.0,0.0,0.0,0.0,1.0],[1.0,0.0,0.0,0.0,0.0,0.0,1.0],[1.0,0.0,0.0,0.0,0.0,0.0,1.0],[1.0,0.0,0.0,0.0,0.0,0.0,1.0],[1.0,0.0,0.0,0.0,0.0,0.0,1.0],[1.0,0.0,0.0,0.0,0.0,0.0,1.0],[1.0,0.0,0.0,0.0,0.0,0.0,1.0],[1.0,0.0,0.0,0.0,0.0,0.0,1.0],[1.0,1.0,1.0,1.0,1.0,1.0,1.0]],"start_pos":{"x":100.0,"y":1.0,"z":100.0,"normalized":{"x":0.707089067,"y":0.00707089063,"z":0.707089067,"normalized":{"x":0.7070891,"y":0.007070891,"z":0.7070891,"magnitude":1.0,"sqrMagnitude":1.00000012},"magnitude":0.99999994,"sqrMagnitude":0.9999999},"magnitude":141.4249,"sqrMagnitude":20001.0},"goal_pos":{"x":110.0,"y":1.0,"z":110.0,"normalized":{"x":0.707092166,"y":0.00642811041,"z":0.707092166,"magnitude":1.0,"sqrMagnitude":1.0},"magnitude":155.566711,"sqrMagnitude":24201.0}}